id	name	source	preset_source	thumbnail_mp4	thumbnail_webp
7fa32a45-2f1e-45ed-8cc7-03296ddcf07f	Bold Urban	preset	cms	https://cdn.higgsfield.ai/reels_preset_thumbnail/4b4f39a7-042a-46a3-9e7c-acf9ea8cc70b.mp4	https://cdn.higgsfield.ai/reels_preset_thumbnail/801615ee-e768-4e15-b751-335e53dc4d5f.webp
a1075b8b-5b6b-4f3f-b62b-7f178ac84be7	Green Contrast	preset	cms	https://cdn.higgsfield.ai/reels_preset_thumbnail/c12a7632-017b-46a0-8b68-89fd818b5d66.mp4	https://cdn.higgsfield.ai/reels_preset_thumbnail/f5767ef4-fb42-4e7d-a830-410226e5aaab.webp
56cb9f5c-a2d8-4c77-8a54-9c57d5a3d62b	Urban Serenity	preset	cms	https://cdn.higgsfield.ai/reels_preset_thumbnail/13d9ab98-997e-4ed2-a92e-065f92efa434.mp4	https://cdn.higgsfield.ai/reels_preset_thumbnail/a5c2054e-1a72-45e5-a664-5ec90043aa2e.webp
e099d7d6-8595-46b7-a1ad-f586f1b651c2	Warm Glow	preset	cms	https://cdn.higgsfield.ai/reels_preset_thumbnail/fe1700c9-e56f-46f5-bc94-ac4d08975cb1.mp4	https://cdn.higgsfield.ai/reels_preset_thumbnail/4dae7f31-4992-499f-b125-ea0d0648b115.webp
066769e4-65de-4d5b-990d-2b8903e1048b	Yellow Frame	preset	cms	https://cdn.higgsfield.ai/reels_preset_thumbnail/ab167ed9-6a10-4514-8745-dcf52db87284.mp4	https://cdn.higgsfield.ai/reels_preset_thumbnail/8d607731-02df-47f9-907f-7113890338e3.webp
2e37bab4-78b4-478b-9003-74551cb5715c	Monochrome Vibes	preset	cms	https://cdn.higgsfield.ai/reels_preset_thumbnail/2d303c75-e17b-4210-b6af-6d3847c133ce.mp4	https://cdn.higgsfield.ai/reels_preset_thumbnail/684be132-d8ec-4a94-8241-9263e25e2302.webp
a1914fcf-5b8c-4cab-9c21-6bb6c4f3e41a	Claymation	preset	cms	https://cdn.higgsfield.ai/reels_preset_thumbnail/b7af3fa7-167c-4ea7-b3da-69449062a43b.mp4	https://cdn.higgsfield.ai/reels_preset_thumbnail/49ab7faf-1694-497a-b731-cb7a2d0173c4.webp
00bad4fb-334d-4166-920b-00f7e43e4a8d	Marker Scribble	preset	cms	https://cdn.higgsfield.ai/reels_preset_thumbnail/4468670e-1bce-434a-bc71-8a74a6310f12.mp4	https://cdn.higgsfield.ai/reels_preset_thumbnail/e0fbdfc3-9d8a-405a-93d2-391625c2fd9c.webp
e6396a55-d048-4ffe-92a9-93d80ea7c72a	Sticker Type	preset	cms	https://cdn.higgsfield.ai/reels_preset_thumbnail/110e4fe4-5739-412e-875f-463972862e47.mp4	https://cdn.higgsfield.ai/reels_preset_thumbnail/957ac18b-28bc-4e85-86cc-e307c61a5449.webp
6cca1c1e-37ab-4fe4-a2c3-b68e4a97d3e3	Blue Comic	preset	cms	https://cdn.higgsfield.ai/reels_preset_thumbnail/6fb6d834-ebbb-42c7-b792-3569dd3334d9.mp4	https://cdn.higgsfield.ai/reels_preset_thumbnail/0b7a7a37-47a6-4389-b18a-85813ac7d9b7.webp
6f4bad13-c757-43d3-ab55-53b86e3921dd	Red Graffiti	preset	cms	https://cdn.higgsfield.ai/reels_preset_thumbnail/0c7cb036-ec9e-4ca4-9bd1-492e06892c9b.mp4	https://cdn.higgsfield.ai/reels_preset_thumbnail/6bf08f01-d01d-489d-94ab-7c41b9e3691a.webp
d11a617f-3aa9-4a5f-a13e-90d4cf165ba9	Watercolor	preset	cms	https://cdn.higgsfield.ai/reels_preset_thumbnail/50ff8c85-97cd-449a-856e-2a03e2f7f563.mp4	https://cdn.higgsfield.ai/reels_preset_thumbnail/a9f61c78-217e-4f23-a76f-5ba89a958f7f.webp
d3853ecf-7712-4741-91a3-0d25d124bee7	Pencil Sketch	preset	cms	https://cdn.higgsfield.ai/reels_preset_thumbnail/cda31448-32aa-4792-92dc-3ee603037f80.mp4	https://cdn.higgsfield.ai/reels_preset_thumbnail/3192e1f5-bc4c-4b16-8d7b-577d2f6c8517.webp
8a0e2835-3cb1-4d74-aae5-773aaae66a86	Desktop	preset	cms	https://cdn.higgsfield.ai/reels_preset_thumbnail/fcf00b8f-0fd5-467f-9f57-24bc083f191b.mp4	https://cdn.higgsfield.ai/reels_preset_thumbnail/c6f52f4e-7b93-49d1-9f3c-8df0b9b7d3bf.webp
dfed82f9-2127-47f9-a751-b559ac3ca2b3	Acid Green	preset	cms	https://cdn.higgsfield.ai/reels_preset_thumbnail/fa382c69-dabf-4495-951d-92de7bf43dba.mp4	https://cdn.higgsfield.ai/reels_preset_thumbnail/2e73fcc5-9e3b-4356-a506-7896a126ba36.webp
902ec86c-9686-42a3-8eb9-2f7330cc7c39	Balloon Type	preset	cms	https://cdn.higgsfield.ai/reels_preset_thumbnail/89e02a08-af30-4753-9241-e2c35e3ad46e.mp4	https://cdn.higgsfield.ai/reels_preset_thumbnail/fad55747-1e4b-41a4-9025-bab846d3a859.webp
96b08270-3588-46d8-960e-2942e26e8f59	Blueprint	preset	cms	https://cdn.higgsfield.ai/reels_preset_thumbnail/7e863439-96e3-4eb5-83f1-58b6e86bfb53.mp4	https://cdn.higgsfield.ai/reels_preset_thumbnail/735a0fec-5fbd-4d4f-bbea-e668f9678dd3.webp
a30e1b50-d78d-4d21-a926-1c9d028628e7	Bold Caption	preset	cms	https://cdn.higgsfield.ai/reels_preset_thumbnail/cf4f9927-0cd1-49bb-bfed-d13ef3825a11.mp4	https://cdn.higgsfield.ai/reels_preset_thumbnail/c3ebf064-719f-413c-843f-eb5dc476a650.webp
3b67223a-6675-4a17-ad92-6dd9e54f9e76	Bounding Box	preset	cms	https://cdn.higgsfield.ai/reels_preset_thumbnail/c4265d8e-a2cf-4e3b-8984-b35cec8166af.mp4	https://cdn.higgsfield.ai/reels_preset_thumbnail/994899e4-b19f-4dbe-9954-fde73f41aab7.webp
b14f02e4-e996-4e6b-9742-e29c2878285b	Circuit	preset	cms	https://cdn.higgsfield.ai/reels_preset_thumbnail/2281f89a-066e-45ed-ac18-5d95fe08e44a.mp4	https://cdn.higgsfield.ai/reels_preset_thumbnail/09ea8319-9a3b-4b08-aeec-62c742253388.webp
4ae118f4-fcb4-40d3-b809-a0b28a50f2e9	Comic Burst	preset	cms	https://cdn.higgsfield.ai/reels_preset_thumbnail/a2826d45-5b27-487b-86df-7bad6a161061.mp4	https://cdn.higgsfield.ai/reels_preset_thumbnail/a4b62824-428c-4072-af8e-84c98254af9d.webp
8bd8b5d0-4560-4b7e-bb8b-63f009ee1de9	Comic Pop	preset	cms	https://cdn.higgsfield.ai/reels_preset_thumbnail/d6714a54-d1a4-45fe-964f-ea012e851bfd.mp4	https://cdn.higgsfield.ai/reels_preset_thumbnail/87e0d337-30be-42c2-9d5a-65916ec4f204.webp
abe12582-7c28-4093-af94-887423c30382	Pink Wash	preset	cms	https://cdn.higgsfield.ai/reels_preset_thumbnail/9d2dca52-9349-465a-b9db-ba41c3c0cff6.mp4	https://cdn.higgsfield.ai/reels_preset_thumbnail/72aab82e-f42d-4414-accb-71513c73c27c.webp
9ae2ba43-f648-49d6-8b95-d9515a99e92a	Gold Stars	preset	cms	https://cdn.higgsfield.ai/reels_preset_thumbnail/7b115462-c29b-4e35-aa94-4c1343940cd0.mp4	https://cdn.higgsfield.ai/reels_preset_thumbnail/25f63f30-7a71-4461-af73-ed5c11efba2d.webp
323beaf7-906b-4780-9c9f-a50f06001b98	Graffiti	preset	cms	https://cdn.higgsfield.ai/reels_preset_thumbnail/57801423-33a0-4888-a3e0-c345ccc8806d.mp4	https://cdn.higgsfield.ai/reels_preset_thumbnail/bbcc57d4-8bda-4d05-ade5-f828bfbf6425.webp
3cabcef7-943b-4cba-8673-38f3a086f725	Green Doodle	preset	cms	https://cdn.higgsfield.ai/reels_preset_thumbnail/89a98819-aa67-4ec8-9354-b4ebb0e5a37d.mp4	https://cdn.higgsfield.ai/reels_preset_thumbnail/e338a07d-949f-403f-83d1-985ad0a20597.webp
29148006-7239-452c-ac15-734416647f63	Green Pop	preset	cms	https://cdn.higgsfield.ai/reels_preset_thumbnail/b1fc85fb-c98a-4339-913a-6648d7aa5a87.mp4	https://cdn.higgsfield.ai/reels_preset_thumbnail/9ae2ed82-ba3a-403d-8e72-407e6c2021ce.webp
1eed6744-0d8b-4d17-9d7a-d76a83e9ef0e	Heart Pop	preset	cms	https://cdn.higgsfield.ai/reels_preset_thumbnail/6f709a9d-470c-4fe5-9a9e-205047c968ee.mp4	https://cdn.higgsfield.ai/reels_preset_thumbnail/ac05d43d-6d90-41ac-95de-46a382413314.webp
41e4a413-c819-4c79-9f77-cccab90bb413	Kinetic Type	preset	cms	https://cdn.higgsfield.ai/reels_preset_thumbnail/8949596a-6762-4599-ada9-0a841aba410b.mp4	https://cdn.higgsfield.ai/reels_preset_thumbnail/c44b26a0-f7bc-429d-88a0-eb02aea8b70b.webp
11ba01ae-ecc2-4d5d-9dbb-1b0a15f52862	Liquid Chrome	preset	cms	https://cdn.higgsfield.ai/reels_preset_thumbnail/f944bfdd-96a0-4337-83cd-1a7cd19d6de5.mp4	https://cdn.higgsfield.ai/reels_preset_thumbnail/4192bae2-4b07-48f0-a0f4-058003279bb6.webp
a0172ebb-6109-4a24-b7de-36514052d629	Mascot	preset	cms	https://cdn.higgsfield.ai/reels_preset_thumbnail/10b94098-f029-4a9d-903c-bcb6488bf024.mp4	https://cdn.higgsfield.ai/reels_preset_thumbnail/52c07ef3-42f0-456e-8c1c-cfbf8897d545.webp
a13f2537-2b1e-481b-a036-c4054bff061c	Neon Pop	preset	cms	https://cdn.higgsfield.ai/reels_preset_thumbnail/41455531-bb3a-4a60-8033-7bc1d1d6193c.mp4	https://cdn.higgsfield.ai/reels_preset_thumbnail/db8c35d6-7f44-47d1-af7b-b3c9d34fd684.webp
